{
    "root_group": {
        "name": "",
        "path": "",
        "id": "d41d8cd98f00b204e9800998ecf8427e",
        "groups": {},
        "checks": {
                "status é 200": {
                    "name": "status é 200",
                    "path": "::status é 200",
                    "id": "b16e99ca05db78d0783cae331c9a2805",
                    "passes": 1785,
                    "fails": 0
                },
                "status é 400": {
                    "fails": 1,
                    "name": "status é 400",
                    "path": "::status é 400",
                    "id": "88629142494f6e880cbe0191ca4dafb6",
                    "passes": 1784
                },
                "status é 500": {
                    "name": "status é 500",
                    "path": "::status é 500",
                    "id": "2fbd221918ba85a09c21620e89bcb2d8",
                    "passes": 1784,
                    "fails": 1
                }
            }
    },
    "metrics": {
        "http_reqs": {
            "count": 5355,
            "rate": 164.20236932888136
        },
        "vus": {
            "value": 3,
            "min": 3,
            "max": 100
        },
        "iteration_duration": {
            "avg": 1727.798318487392,
            "min": 1405.9975,
            "med": 1588.7389,
            "max": 3832.7127,
            "p(90)": 2187.396100000001,
            "p(95)": 2443.1931600000003
        },
        "http_req_waiting": {
            "avg": 224.5639050793648,
            "min": 107.2885,
            "med": 151.2435,
            "max": 2351.2533,
            "p(90)": 451.17644,
            "p(95)": 583.5157700000002
        },
        "http_req_sending": {
            "max": 47.5361,
            "p(90)": 1.01426,
            "p(95)": 2.0125900000000003,
            "avg": 0.564367432306257,
            "min": 0,
            "med": 0
        },
        "http_req_failed": {
            "passes": 3570,
            "fails": 1785,
            "value": 0.6666666666666666
        },
        "http_req_blocked": {
            "avg": 12.656469561157795,
            "min": 0,
            "med": 0,
            "max": 711.1563,
            "p(90)": 0,
            "p(95)": 0
        },
        "http_req_tls_handshaking": {
            "avg": 8.61046014939309,
            "min": 0,
            "med": 0,
            "max": 523.8453,
            "p(90)": 0,
            "p(95)": 0
        },
        "http_req_duration": {
            "avg": 226.53307243697512,
            "min": 127.3013,
            "med": 153.1408,
            "max": 2351.2533,
            "p(90)": 453.43604000000005,
            "p(95)": 585.7881200000002
        },
        "http_req_connecting": {
            "p(90)": 0,
            "p(95)": 0,
            "avg": 3.3536494304388427,
            "min": 0,
            "med": 0,
            "max": 200.5138
        },
        "vus_max": {
            "value": 100,
            "min": 100,
            "max": 100
        },
        "iterations": {
            "count": 1785,
            "rate": 54.73412310962712
        },
        "http_req_duration{expected_response:true}": {
            "p(90)": 447.55934000000025,
            "p(95)": 582.04476,
            "avg": 227.1612314285715,
            "min": 129.4954,
            "med": 153.8439,
            "max": 2351.2533
        },
        "checks": {
            "passes": 5353,
            "fails": 2,
            "value": 0.9996265172735761
        },
        "data_sent": {
            "count": 290365,
            "rate": 8903.570676037467
        },
        "data_received": {
            "count": 1392510,
            "rate": 42699.055334110286
        },
        "http_req_receiving": {
            "max": 134.4351,
            "p(90)": 3.0009400000000004,
            "p(95)": 6.5516000000000005,
            "avg": 1.4047999253034529,
            "min": 0,
            "med": 0
        }
    }
}